doc_id,filename,file_hash
623a862f63337970a9e4f423,carbon-bloom.txt,c1a60d0b9302967ffaf437eab44bda3be7979bf25fe69fb94467dc29749c6f21
87c9ce8ade482be45358b7d6,carbontracker.txt,3c5b625a35a393e4d8f57c8f2ff9f5b152b713f303ef35519b5a66fb696ce33d
22b5f094a1f6784a0d7270a2,chasingcarbon.txt,e8d6d400aeadcbf2701c4c26880120dd1cd8c170f03c3bb5ac4f6c819ed03fc4
480a44e5d9f882cb6a5e7252,codecarbon.txt,6b73f51ff9a52959696ea9f6d9b610c918bd2a6269ebf512eb7cc1c525699695
6ff7db3926dedf7b410b93ed,green-automated-ml.txt,838f24d228adce642d8d018894020da2ae0771dc291591c688fbce2d35389dbe
772fa760848dbc9f332d6fa2,greenalgo.txt,8a180735cee6ccb434dfcdeb49a497d028ec1267e75a7c752fb7b5d776677942
f8a666e9981da6aa57711c4d,greenalgo2.txt,8a180735cee6ccb434dfcdeb49a497d028ec1267e75a7c752fb7b5d776677942
205465ac0ed4d1b4e8d87aec,guo.txt,23b30422f0d216eb5e7db93f9b9498c358afbc92fa20c40c051ac2bee835ac8e
ab1f37826fe81cc83807a239,india-elec-data.txt,9c3dcb825f7a01759a731866dbfb84a75e672bc6b3d1d092dc1d1c00c59f9a7b
72a44bd939c20fc7c93659f9,input-token.txt,be9b696385c8174f7474a56b6c217ef354fd158dd7e41477eadd843464db97e0
f6b73e5483291d1535313f83,llmcarbon.txt,aa9cae248e632473531f1206db9e4ae4cd278866acc27d824b7bc381e8d3c035
ad507c8b963e3c7c8b13cc6b,llmco2.txt,298b68c08befd567a9197481a823807be08df6d232a2f4f2b987bfd0ee9bc8d9
96ff3c366c188d0f42728258,mindweb.txt,b0b19c345d54a57bd668c646dee887e8f6b8cc17af0dd8a8342004481a2120ad
095fddd4394991e779f68b07,nlpcarbon.txt,671ff923e8b3adebc51a8674e39adaf50af7cf26525b2189d40c9478d461a473
bffb4c4ffd14b9ab00dcce4a,paris_agreement.txt,514c76a4f5fceb6518bb0ec1ac7f3372485c7416162a0b91673f33275b4655cc
cebb897706cbe9cc2c9eb9db,paris_agreement_2.txt,4571ba21c1a4de40777a238c9a0b052b9fddab517787185ecd824c62950ad545
923be22a85ed25b8e7d80df6,rg.txt,e56c9a3ad7a7adc995c92b475d5a15237c257783900bf03b70ad3284f0f02d44
fee444d3ea306a68fecb7a73,sp.txt,7b8e792051f45afc134e03ef828b396cba508fb7627b51e60665f559e57fc520
71c08435c495b1f02daa37f7,trilemma.txt,ee42e464beecf0b6081fc0de07bbb9e0034b3e0eec062add0da373b57c4a46c3
