question_id,question,answer,status,error,chunks,retrieved_k,retrieval_latency_s,generation_latency_s,total_latency_s,retrieval_emissions_kg,generation_emissions_kg,total_emissions_kg,total_emissions_g,energy_kwh,retrieval_energy_kwh,generation_energy_kwh,cpu_energy_kwh,gpu_energy_kwh,ram_energy_kwh
13,"Imagine a logistics company sets a baseline of 500,000 metric tons of Scope 1 emissions for FY2025. What specific operational factors could drive that number?","Based on the context, the specific operational factors that could drive the baseline of 500,000 metric tons of Scope 1 emissions for a logistics company in FY2025 are:

1. **Fuel consumption**: The company's use of diesel or natural gas for powering vehicles, warehouses, and other facilities.
2. **Refrigerant usage**: The emissions from refrigerants used in warehouses, offices, or other facilities.
3. **Vehicle usage**: The emissions from company-owned or leased vehicles, including trucks, cars, and other fleet vehicles.

These factors are directly related to Scope 1 (opex) emissions, as mentioned in the context.",ok,,"['astructure, and hardware manufacturing.\nFigure 11 illustrates the carbon footprint of Google (2013\nto 2018) and Facebook (2014 to 2019) [16], [29]. Following\nthe GHG Protocol, we split emissions into Scope 1 (blue),\nScope 2 (green), and Scope 3 (red). Recall that Scope 1 (opex)\nemissions come from facility use of refrigerants, natural gas,\nand diesel; Scope 2 (opex) emissions come from purchased\nelectricity; and Scope 3 (capex) emissions come from the\nsupply chain, including employee travel, construction, and\nhardware manufacturing (see Section II for details).\nAnalyzing the most recent data, Scope 3 comprises the\nmajority of emissions for both Google and Facebook. In 2018,\nGoogle reported 21× higher Scope 3 emissions than Scope\n2 emissions—that is, 14,000,000 metric tons of CO2versus\n684,', 'Scope 3 comprises the\nmajority of emissions for both Google and Facebook. In 2018,\nGoogle reported 21× higher Scope 3 emissions than Scope\n2 emissions—that is, 14,000,000 metric tons of CO2versus\n684,000. In 2019, Facebook reported 23× higher Scope 3\nemissions than Scope 2 emissions—that is, 5,800,000 metric\ntons of CO2versus 252,000.\nRecall that Scope 3 emissions aggregate the entire supply\nchain; a large fraction of them are from data-center capex\noverhead such as construction and hardware manufacturing.\nFigure 12 illustrates Facebook’s breakdown of Scope 3 emissions in 2019. Here, construction and hardware manufacturing\n(capital goods) account for up to 49% of the company’s Scope\n3 emissions.\nSimilarly, we anticipate most of Google’s Scope 3 emissions\nare from construction and hardware', 'at\npowering semiconductor fabs, offices, and data-center operation. They depend on two parameters: the energy that\noperations consume and the GHG output from generating\nthe consumed energy (in terms of carbon intensity—i.e.,\ngrams of CO2 emitted per kilowatt-hour of energy). Scope\nOrganization\n(e.g., technology company)\nGHG emissions\nScope 3 Upstream\nCapital&Purchased goods\nEmployee commuting\nInfrastructure\nScope 3 Downstream\nScope 2\nPurchased energy\nTransportation and distribution\nUse of sold goods\nRecycling sold goods\nScope 1\nOffices and facilities\nRaw material combustion\nFig. 3. Many organizations follow the Greenhouse Gas (GHG) Protocol to\nquantify their environmental impact. This protocol categorizes emissions into\nScope 1 (direct), Scope 2 (indirect), and Scope 3 (upstream and downst']",3,0.05897212028503418,72.75984597206116,72.81881809234619,2.5616079288549777e-07,0.00036441110483806724,0.0003646672656309527,0.3646672656309527,0.0005111386444442412,3.5904972224121934e-07,0.000510779594722,0.0003089996852769,0.0,0.00020213895916724122
14,"If they transition 20% of their fleet to electric vehicles by FY2026, what is the expected directional shift in their Scope 1 versus Scope 2 emissions?","Since transitioning 20% of their fleet to electric vehicles reduces the use of diesel, a Scope 1 emission source, we can expect a decrease in Scope 1 emissions. This reduction in Scope 1 emissions will likely be accompanied by a corresponding increase in Scope 2 emissions, as the electricity needed to power the electric vehicles will add to the company's purchased electricity emissions.

However, the specific directional shift in Scope 1 versus Scope 2 emissions will depend on the carbon intensity of the electricity grid, which is assumed to be high in this case (typically referred to as ""brown"" sources). If the grid is not generating a significant amount of renewable energy, the increase in Scope 2 emissions may not offset the decrease in Scope 1 emissions. Nevertheless, the overall effect will be a reduction in overall emissions, primarily due to the decrease in Scope 1 emissions.",ok,,"['lthough the figure divides these\nemissions into Scope 1, Scope 2, and Scope 3, Scope\n2 comprises two types: location based and market based.\nLocation-based emissions assume the local electricity grid\nproduces the energy—often through a mix of brown (i.e.,\ncoal and gas) and green sources. Market-based emissions\nreflect energy that companies have purposefully chosen or\ncontracted—typically solar, hydroelectric, wind, and other\nrenewable sources. Around 2013, Facebook and Google began procuring renewable energy to reduce operational carbon\nemissions. These purchases decreased their operational carbon\noutput even though their energy consumption continued to\nincrease. Thus, minimizing the emissions related to data-center\nworkloads and hardware must consider renewable energy and\nthe tradeoffs be', 'astructure, and hardware manufacturing.\nFigure 11 illustrates the carbon footprint of Google (2013\nto 2018) and Facebook (2014 to 2019) [16], [29]. Following\nthe GHG Protocol, we split emissions into Scope 1 (blue),\nScope 2 (green), and Scope 3 (red). Recall that Scope 1 (opex)\nemissions come from facility use of refrigerants, natural gas,\nand diesel; Scope 2 (opex) emissions come from purchased\nelectricity; and Scope 3 (capex) emissions come from the\nsupply chain, including employee travel, construction, and\nhardware manufacturing (see Section II for details).\nAnalyzing the most recent data, Scope 3 comprises the\nmajority of emissions for both Google and Facebook. In 2018,\nGoogle reported 21× higher Scope 3 emissions than Scope\n2 emissions—that is, 14,000,000 metric tons of CO2versus\n684,', 'Scope 3 comprises the\nmajority of emissions for both Google and Facebook. In 2018,\nGoogle reported 21× higher Scope 3 emissions than Scope\n2 emissions—that is, 14,000,000 metric tons of CO2versus\n684,000. In 2019, Facebook reported 23× higher Scope 3\nemissions than Scope 2 emissions—that is, 5,800,000 metric\ntons of CO2versus 252,000.\nRecall that Scope 3 emissions aggregate the entire supply\nchain; a large fraction of them are from data-center capex\noverhead such as construction and hardware manufacturing.\nFigure 12 illustrates Facebook’s breakdown of Scope 3 emissions in 2019. Here, construction and hardware manufacturing\n(capital goods) account for up to 49% of the company’s Scope\n3 emissions.\nSimilarly, we anticipate most of Google’s Scope 3 emissions\nare from construction and hardware']",3,0.03070831298828125,78.85125923156738,78.88196754455566,3.99863839014382e-09,0.0003926705767684222,0.00039267457540681234,0.39267457540681233,0.0005503953030548903,5.6047218903088275e-09,0.000550389698333,0.000331546573055,0.0,0.0002188487299998903
