question_id,question,answer,status,error,retrieved_k,retrieval_latency_s,generation_latency_s,total_latency_s,retrieval_emissions_kg,generation_emissions_kg,total_emissions_kg,total_emissions_g,energy_kwh,retrieval_energy_kwh,generation_energy_kwh,cpu_energy_kwh,gpu_energy_kwh,ram_energy_kwh
12,Detail the step-by-step logical reconciliation process required to align a company's carbon footprint reported under the EU's CSRD with the figures reported in its standard US SEC 10-K filing.,,error,"HTTPConnectionPool(host='localhost', port=11434): Read timed out. (read timeout=120)",3,0.10684823989868164,122.048513174057,122.15536141395569,4.490605742692553e-07,0.0006087111963386453,0.0006091602569129145,0.6091602569129145,0.0008538341038893097,6.294291669097449e-07,0.0008532046747224,0.000514831697223,0.0,0.00033900240666630976
13,"Imagine a logistics company sets a baseline of 500,000 metric tons of Scope 1 emissions for FY2025. What specific operational factors could drive that number?","Based on the context provided, the Scope 1 emissions for the logistics company are likely to be driven by the following operational factors:

* Fuel consumption for transportation (e.g., diesel or gasoline for trucks, ships, or airplanes)
* Energy consumption for facilities and offices (e.g., natural gas, electricity, or other fuels)
* Use of refrigerants and other equipment that may release greenhouse gases during normal operations

These factors are directly related to the operation of the company's offices, facilities, and transportation fleet, which falls under Scope 1 emissions (direct emissions) in the GHG Protocol.",ok,,3,0.028565168380737305,65.08830285072327,65.116868019104,5.3387186540130505e-09,0.0003263576979760287,0.0003263630366946827,0.3263630366946827,0.00045744923083287714,7.483055577143801e-09,0.0004574417477773,0.000276803241389,0.0,0.00018064598944387715
14,"If they transition 20% of their fleet to electric vehicles by FY2026, what is the expected directional shift in their Scope 1 versus Scope 2 emissions?","According to the context, transitioning 20% of the fleet to electric vehicles would reduce Scope 1 emissions (facility use of diesel and other fuels) because electric vehicles produce zero tailpipe emissions. However, it would have little to no impact on Scope 2 emissions (purchased electricity), as the energy source of the electricity remains the same.

The expected directional shift in Scope 1 emissions would be a decrease, while Scope 2 emissions would remain largely unchanged.",ok,,3,0.09339785575866699,58.78078770637512,58.87418556213379,3.5447335883249625e-07,0.0002942449282327651,0.0002945994015915976,0.2945994015915976,0.00041292749027820367,4.968502775036706e-07,0.0004124306400007,0.00024951914444500004,0.0,0.00016340834583320366
