doc_id,filename,path,file_type,file_hash,num_chars
0,carbon-bloom.txt,rag_corpus\carbon-bloom.txt,.txt,c1a60d0b9302967ffaf437eab44bda3be7979bf25fe69fb94467dc29749c6f21,44604
1,carbontracker.txt,rag_corpus\carbontracker.txt,.txt,3c5b625a35a393e4d8f57c8f2ff9f5b152b713f303ef35519b5a66fb696ce33d,8566
2,chasingcarbon.txt,rag_corpus\chasingcarbon.txt,.txt,e8d6d400aeadcbf2701c4c26880120dd1cd8c170f03c3bb5ac4f6c819ed03fc4,82071
3,codecarbon.txt,rag_corpus\codecarbon.txt,.txt,6b73f51ff9a52959696ea9f6d9b610c918bd2a6269ebf512eb7cc1c525699695,4065
4,green-automated-ml.txt,rag_corpus\green-automated-ml.txt,.txt,838f24d228adce642d8d018894020da2ae0771dc291591c688fbce2d35389dbe,92917
5,greenalgo.txt,rag_corpus\greenalgo.txt,.txt,8a180735cee6ccb434dfcdeb49a497d028ec1267e75a7c752fb7b5d776677942,54607
6,greenalgo2.txt,rag_corpus\greenalgo2.txt,.txt,8a180735cee6ccb434dfcdeb49a497d028ec1267e75a7c752fb7b5d776677942,54607
7,guo.txt,rag_corpus\guo.txt,.txt,23b30422f0d216eb5e7db93f9b9498c358afbc92fa20c40c051ac2bee835ac8e,70530
8,india-elec-data.txt,rag_corpus\india-elec-data.txt,.txt,9c3dcb825f7a01759a731866dbfb84a75e672bc6b3d1d092dc1d1c00c59f9a7b,1578352
9,input-token.txt,rag_corpus\input-token.txt,.txt,be9b696385c8174f7474a56b6c217ef354fd158dd7e41477eadd843464db97e0,28332
10,llmcarbon.txt,rag_corpus\llmcarbon.txt,.txt,aa9cae248e632473531f1206db9e4ae4cd278866acc27d824b7bc381e8d3c035,56435
11,llmco2.txt,rag_corpus\llmco2.txt,.txt,298b68c08befd567a9197481a823807be08df6d232a2f4f2b987bfd0ee9bc8d9,62764
12,mindweb.txt,rag_corpus\mindweb.txt,.txt,b0b19c345d54a57bd668c646dee887e8f6b8cc17af0dd8a8342004481a2120ad,81099
13,nlpcarbon.txt,rag_corpus\nlpcarbon.txt,.txt,671ff923e8b3adebc51a8674e39adaf50af7cf26525b2189d40c9478d461a473,41541
14,paris_agreement.txt,rag_corpus\paris_agreement.txt,.txt,514c76a4f5fceb6518bb0ec1ac7f3372485c7416162a0b91673f33275b4655cc,112248
15,paris_agreement_2.txt,rag_corpus\paris_agreement_2.txt,.txt,4571ba21c1a4de40777a238c9a0b052b9fddab517787185ecd824c62950ad545,10499
16,trilemma.txt,rag_corpus\trilemma.txt,.txt,ee42e464beecf0b6081fc0de07bbb9e0034b3e0eec062add0da373b57c4a46c3,72641
17,gt.txt,rag_corpus\gt.txt,.txt,ac2414d05b8a200336d0af1d61be55afe3ca675fc7da563d34646b8c2fa48f54,134
18,sp.txt,rag_corpus\sp.txt,.txt,7b8e792051f45afc134e03ef828b396cba508fb7627b51e60665f559e57fc520,74
19,rg.txt,rag_corpus/rg.txt,.txt,e56c9a3ad7a7adc995c92b475d5a15237c257783900bf03b70ad3284f0f02d44,62
