timestamp,project_name,run_id,experiment_id,duration,emissions,emissions_rate,cpu_power,gpu_power,ram_power,cpu_energy,gpu_energy,ram_energy,energy_consumed,water_consumed,country_name,country_iso_code,region,cloud_provider,cloud_region,os,python_version,codecarbon_version,cpu_count,cpu_model,gpu_count,gpu_model,longitude,latitude,ram_total_size,tracking_mode,cpu_utilization_percent,gpu_utilization_percent,ram_utilization_percent,ram_used_gb,on_cloud,pue,wue
2026-09-03T17:39:24,RAG_incremental_index,d076f76f-1292-4f42-be46-36070e58312d,5b0fa12a-3dd7-45bb-9766-cc326314d9f1,119.05064319999656,0.000813223343794847,6.830902563278806e-06,24.54760173132716,0.0,10.0,0.0008094559022220001,0.0,0.0003304047783316085,0.0011398606805536086,0.0,India,IND,,,,Windows-11-10.0.26200-SP0,3.14.3,3.3.0,12,12th Gen Intel(R) Core(TM) i5-1235U,0,,,,15.69796371459961,machine,1.540677966101695,0,97.0957627118644,15.242284354517015,N,1.0,0.0
2026-09-03T17:42:03,RAG_retrieval_qcustom,41dade28-1fac-488b-8b16-f336f60de440,5b0fa12a-3dd7-45bb-9766-cc326314d9f1,0.175355400016997,9.313593739919065e-07,5.311267140342589e-06,10.12268996160832,0.0,10.0,8.740622230000001e-07,0.0,4.313847221459987e-07,1.3054469451459988e-06,0.0,India,IND,,,Windows-11-10.0.26200-SP0,3.14.3,3.3.0,12,12th Gen Intel(R) Core(TM) i5-1235U,0,,15.69796371459961,machine,0,0,0,0,N,1.0,0.0
2026-09-03T17:42:07,RAG_generation_qcustom,b7e28cf5-c801-4310-b694-dd75d3b8ab89,5b0fa12a-3dd7-45bb-9766-cc326314d9f1,2.073848199972417,5.538983112891623e-06,2.6708720112519774e-06,2.6351416948232504,0.0,10.0,2.0096280560000003e-06,0.0,5.754129721996529e-06,7.76375777799653e-06,0.0,India,IND,,,Windows-11-10.0.26200-SP0,3.14.3,3.3.0,12,12th Gen Intel(R) Core(TM) i5-1235U,0,,15.69796371459961,machine,0.0,0,97.2,15.262872695922852,N,1.0,0.0
2026-09-03T17:44:43,RAG_retrieval_qcustom,e5549248-dbe5-4c96-8c59-f1ce825a070c,5b0fa12a-3dd7-45bb-9766-cc326314d9f1,0.057198300026357174,3.5741491583733125e-07,6.248698224818451e-06,22.028408595010973,0.0,10.0,3.4419250000000003e-07,0.0,1.567808332361488e-07,5.009733332361489e-07,0.0,India,IND,,,Windows-11-10.0.26200-SP0,3.14.3,3.3.0,12,12th Gen Intel(R) Core(TM) i5-1235U,0,,15.69796371459961,machine,0,0,0,0,N,1.0,0.0
2026-09-03T17:44:46,RAG_generation_qcustom,a6208bc9-e844-43b9-a0c1-1200eb32f499,5b0fa12a-3dd7-45bb-9766-cc326314d9f1,2.023808999976609,5.558869290019521e-06,2.7467361248436834e-06,10.52115442679312,0.0,10.0,2.181224445e-06,0.0,5.610406944308326e-06,7.791631389308326e-06,0.0,India,IND,,,Windows-11-10.0.26200-SP0,3.14.3,3.3.0,12,12th Gen Intel(R) Core(TM) i5-1235U,0,,15.69796371459961,machine,0.0,0,96.15,15.09389877319336,N,1.0,0.0
2026-09-03T17:48:21,RAG_retrieval_qcustom,54fbec5d-e2af-4142-b7a0-09033ea5c199,5b0fa12a-3dd7-45bb-9766-cc326314d9f1,0.13188120000995696,6.789344351236313e-07,5.148075958304687e-06,22.65351280259202,0.0,10.0,6.552925e-07,0.0,2.9634111108154886e-07,9.516336110815489e-07,0.0,India,IND,,,Windows-11-10.0.26200-SP0,3.14.3,3.3.0,12,12th Gen Intel(R) Core(TM) i5-1235U,0,,15.69796371459961,machine,0,0,0,0,N,1.0,0.0
2026-09-03T17:48:24,RAG_generation_qcustom,92062fbf-1edb-487b-adcb-d47a02a50429,5b0fa12a-3dd7-45bb-9766-cc326314d9f1,2.038806900032796,4.686678947418803e-06,2.298736063402284e-06,18.085746332674475,0.0,10.0,9.842688890000002e-07,0.0,5.584850277712879e-06,6.569119166712879e-06,0.0,India,IND,,,Windows-11-10.0.26200-SP0,3.14.3,3.3.0,12,12th Gen Intel(R) Core(TM) i5-1235U,0,,15.69796371459961,machine,0.0,0,86.9,13.639490127563477,N,1.0,0.0
2026-09-03T17:50:47,RAG_retrieval_qcustom,b12947a2-3727-4053-adcd-ef948a9318ba,5b0fa12a-3dd7-45bb-9766-cc326314d9f1,0.042168600019067526,6.226160284441209e-09,1.4764920537143523e-07,37.58294011202068,0.0,10.0,7.269167000000001e-09,0.0,1.4577778832366067e-09,8.726944883236607e-09,0.0,India,IND,,,Windows-11-10.0.26200-SP0,3.14.3,3.3.0,12,12th Gen Intel(R) Core(TM) i5-1235U,0,,15.69796371459961,machine,0,0,0,0,N,1.0,0.0
2026-09-03T17:51:55,RAG_generation_qcustom,a653e31e-1e38-4760-8f1a-08eba53404d5,5b0fa12a-3dd7-45bb-9766-cc326314d9f1,66.73565560003044,0.0005117227249537939,7.667905864605913e-06,28.504837771466697,0.0,10.0,0.0005320257841670001,0.0,0.00018523426249949908,0.0007172600466664993,0.0,India,IND,,,Windows-11-10.0.26200-SP0,3.14.3,3.3.0,12,12th Gen Intel(R) Core(TM) i5-1235U,0,,15.69796371459961,machine,1.5151515151515151,0,87.08030303030303,13.670455181237424,N,1.0,0.0
2026-09-05T07:02:59,RAG_retrieval_q1,c5c8c58f-cf5a-4c2d-b38f-c203bec79672,5b0fa12a-3dd7-45bb-9766-cc326314d9f1,0.11045879998710006,4.2837990130057847e-07,3.878187173413136e-06,28.302099186767425,0.0,10.0,4.176975e-07,0.0,1.8274444446433336e-07,6.004419444643334e-07,0.0,India,IND,,,Windows-11-10.0.26200-SP0,3.14.3,3.3.0,12,12th Gen Intel(R) Core(TM) i5-1235U,0,,15.69796371459961,machine,0,0,0,0,N,1.0,0.0
2026-09-05T07:04:20,RAG_generation_q1,cd447c92-776d-4aad-8c41-1a331f605f2b,5b0fa12a-3dd7-45bb-9766-cc326314d9f1,79.59012429998256,0.0005696724349058807,7.157576896836252e-06,26.045879020445415,0.0,10.0,0.000577658308333,0.0,0.0002208273897217522,0.0007984856980547526,0.0,India,IND,,,Windows-11-10.0.26200-SP0,3.14.3,3.3.0,12,12th Gen Intel(R) Core(TM) i5-1235U,0,,15.69796371459961,machine,3.7974683544303796,0,87.6632911392405,13.76119492929193,N,1.0,0.0
2026-09-05T07:04:21,RAG_retrieval_q2,92a8b8af-8d29-4c2f-bb1b-83a7790dd5e9,5b0fa12a-3dd7-45bb-9766-cc326314d9f1,0.05246380000608042,3.150866589007343e-07,6.005791781461057e-06,21.62626974737379,0.0,10.0,2.9801888800000006e-07,0.0,1.4362472219444397e-07,4.41643610194444e-07,0.0,India,IND,,,Windows-11-10.0.26200-SP0,3.14.3,3.3.0,12,12th Gen Intel(R) Core(TM) i5-1235U,0,,15.69796371459961,machine,0,0,0,0,N,1.0,0.0
2026-09-05T07:04:59,RAG_generation_q2,1836521f-c5e0-4841-bfd2-14dcabb11072,5b0fa12a-3dd7-45bb-9766-cc326314d9f1,36.29412219999358,0.00025724697706751406,7.0878412666930285e-06,25.887901408296813,0.0,10.0,0.0002598429369440001,0.0,0.00010072924361124426,0.00036057218055524434,0.0,India,IND,,,Windows-11-10.0.26200-SP0,3.14.3,3.3.0,12,12th Gen Intel(R) Core(TM) i5-1235U,0,,15.69796371459961,machine,2.3805555555555555,0,86.53333333333333,13.583892398410374,N,1.0,0.0
2026-09-05T07:05:00,RAG_retrieval_q3,75493941-322e-4d1e-a88b-282c0cd17560,5b0fa12a-3dd7-45bb-9766-cc326314d9f1,0.02189390000421554,1.4256929442438476e-09,6.511827239410698e-08,0.0,0.0,10.0,0.0,0.0,1.9983333509622347e-09,1.9983333509622347e-09,0.0,India,IND,,,Windows-11-10.0.26200-SP0,3.14.3,3.3.0,12,12th Gen Intel(R) Core(TM) i5-1235U,0,,15.69796371459961,machine,0,0,0,0,N,1.0,0.0
2026-09-05T07:06:08,RAG_generation_q3,121eecc8-e56d-4a59-8693-3b9e9937a5ad,5b0fa12a-3dd7-45bb-9766-cc326314d9f1,65.93777210003464,0.00046208533769398887,7.007900372990402e-06,25.3183027676752,0.0,10.0,0.000464624376389,0.0,0.0001830610491668469,0.0006476854255558468,0.0,India,IND,,,Windows-11-10.0.26200-SP0,3.14.3,3.3.0,12,12th Gen Intel(R) Core(TM) i5-1235U,0,,15.69796371459961,machine,4.395384615384615,0,86.7,13.61001217181866,N,1.0,0.0
2026-09-05T07:06:10,RAG_retrieval_q4,afbf0091-62ad-40d3-8d1a-4cf0af1d4dd3,5b0fa12a-3dd7-45bb-9766-cc326314d9f1,0.10681530000874773,6.990612002587691e-07,6.544579289685269e-06,28.700533067803377,0.0,10.0,6.851825000000001e-07,0.0,2.946619444022266e-07,9.798444444022267e-07,0.0,India,IND,,,Windows-11-10.0.26200-SP0,3.14.3,3.3.0,12,12th Gen Intel(R) Core(TM) i5-1235U,0,,15.69796371459961,machine,0,0,0,0,N,1.0,0.0
2026-09-05T07:06:55,RAG_generation_q4,4c105f81-5ebb-47c7-b38b-968a45f992e4,5b0fa12a-3dd7-45bb-9766-cc326314d9f1,43.551332300005015,0.0003074738382164277,7.060032884835358e-06,25.27041624252304,0.0,10.0,0.00031006877805600004,0.0,0.00012090426416673129,0.00043097304222273136,0.0,India,IND,,,Windows-11-10.0.26200-SP0,3.14.3,3.3.0,12,12th Gen Intel(R) Core(TM) i5-1235U,0,,15.69796371459961,machine,7.160465116279069,0,87.71162790697674,13.77001997481945,N,1.0,0.0
2026-09-05T07:06:56,RAG_retrieval_q5,3274bf1b-de5f-4079-aa66-921ba2c290fa,5b0fa12a-3dd7-45bb-9766-cc326314d9f1,0.048496700008399785,4.219012230673945e-09,8.699586219151403e-08,22.679819819819823,0.0,10.0,4.405555e-09,0.0,1.5080555587903492e-09,5.913610558790349e-09,0.0,India,IND,,,Windows-11-10.0.26200-SP0,3.14.3,3.3.0,12,12th Gen Intel(R) Core(TM) i5-1235U,0,,15.69796371459961,machine,0,0,0,0,N,1.0,0.0
2026-09-05T07:08:05,RAG_generation_q5,00835df5-f065-4ad2-b916-36b0dd06e8b1,5b0fa12a-3dd7-45bb-9766-cc326314d9f1,67.08174450002844,0.0004699065959728395,7.0049847313174794e-06,25.429942538811122,0.0,10.0,0.0004724225994440002,0.0,0.00018622555222213525,0.0006586481516661357,0.0,India,IND,,,Windows-11-10.0.26200-SP0,3.14.3,3.3.0,12,12th Gen Intel(R) Core(TM) i5-1235U,0,,15.69796371459961,machine,4.036363636363636,0,88.01060606060605,13.817131331472686,N,1.0,0.0
2026-09-05T07:08:06,RAG_retrieval_q6,8bb1b346-5e7e-4f70-966d-291b5e6f39c9,5b0fa12a-3dd7-45bb-9766-cc326314d9f1,0.037409899989143014,1.0360749195025873e-09,2.7695206878480664e-08,0.0,0.0,10.0,0.0,0.0,1.4522222853783106e-09,1.4522222853783106e-09,0.0,India,IND,,,Windows-11-10.0.26200-SP0,3.14.3,3.3.0,12,12th Gen Intel(R) Core(TM) i5-1235U,0,,15.69796371459961,machine,0,0,0,0,N,1.0,0.0
2026-09-05T07:09:24,RAG_generation_q6,2fa89517-11f2-46d0-bffe-a5b74aa0f8dd,5b0fa12a-3dd7-45bb-9766-cc326314d9f1,76.90817209996749,0.0005376400503433385,6.990675186565327e-06,24.79015655125064,0.0,10.0,0.0005401149433330001,0.0,0.000213472319444635,0.0007535872627776346,0.0,India,IND,,,Windows-11-10.0.26200-SP0,3.14.3,3.3.0,12,12th Gen Intel(R) Core(TM) i5-1235U,0,,15.69796371459961,machine,7.825,0,89.25526315789473,14.009948479501825,N,1.0,0.0
2026-09-05T07:09:26,RAG_retrieval_q7,3fc0352a-2e2d-4b0d-9617-830fed16b0ed,5b0fa12a-3dd7-45bb-9766-cc326314d9f1,0.06613009999273345,3.8530411696085114e-07,5.826455986051577e-06,22.609727942775148,0.0,10.0,3.5820555500000005e-07,0.0,1.8185888895661466e-07,5.400644439566147e-07,0.0,India,IND,,,Windows-11-10.0.26200-SP0,3.14.3,3.3.0,12,12th Gen Intel(R) Core(TM) i5-1235U,0,,15.69796371459961,machine,0,0,0,0,N,1.0,0.0
2026-09-05T07:10:58,RAG_generation_q7,95f119dd-371f-4cd0-942d-d26d22a8cd71,5b0fa12a-3dd7-45bb-9766-cc326314d9f1,91.09474900003988,0.0006373593336832211,6.996663810808042e-06,24.90576350506888,0.0,10.0,0.0006404680427770002,0.0,0.00025289151138826527,0.0008933595541652655,0.0,India,IND,,,Windows-11-10.0.26200-SP0,3.14.3,3.3.0,12,12th Gen Intel(R) Core(TM) i5-1235U,0,,15.69796371459961,machine,15.521111111111113,0,89.18888888888888,13.999988132052952,N,1.0,0.0
2026-09-05T07:11:01,RAG_retrieval_q8,39cd7266-861e-4dc1-a39b-3094cde3f49b,5b0fa12a-3dd7-45bb-9766-cc326314d9f1,0.18187999998917803,1.1330537026096255e-06,6.229677274450423e-06,10.783139689409708,0.0,10.0,1.084596945e-06,0.0,5.035563887860109e-07,1.588153333786011e-06,0.0,India,IND,,,Windows-11-10.0.26200-SP0,3.14.3,3.3.0,12,12th Gen Intel(R) Core(TM) i5-1235U,0,,15.69796371459961,machine,0,0,0,0,N,1.0,0.0
2026-09-05T07:12:36,RAG_generation_q8,85b68475-5170-4234-87d6-93b21a85dc17,5b0fa12a-3dd7-45bb-9766-cc326314d9f1,93.17920589999994,0.0006492971247346312,6.968262054427227e-06,25.094749512809987,0.0,10.0,0.0006514086808329999,0.0,0.000258683568890006,0.0009100922497230061,0.0,India,IND,,,Windows-11-10.0.26200-SP0,3.14.3,3.3.0,12,12th Gen Intel(R) Core(TM) i5-1235U,0,,15.69796371459961,machine,9.165217391304349,0,88.05326086956522,13.821651002635127,N,1.0,0.0
2026-09-05T07:12:38,RAG_retrieval_q9,c0a2f680-d5ee-41df-8e82-3258422e5722,5b0fa12a-3dd7-45bb-9766-cc326314d9f1,0.09546029998455197,5.96878811106281e-07,6.252639172544733e-06,24.90011771028709,0.0,10.0,5.733322220000001e-07,0.0,2.6328750003206857e-07,8.366197220320686e-07,0.0,India,IND,,,Windows-11-10.0.26200-SP0,3.14.3,3.3.0,12,12th Gen Intel(R) Core(TM) i5-1235U,0,,15.69796371459961,machine,0,0,0,0,N,1.0,0.0
2026-09-05T07:14:36,RAG_generation_q9,b6e66c28-1a24-4657-a8f6-8b0bceead971,5b0fa12a-3dd7-45bb-9766-cc326314d9f1,117.38439130003098,0.0008181006345588201,6.969415826911598e-06,24.997352403949655,0.0,10.0,0.0008208684600000004,0.0,0.00032582851222169747,0.0011466969722216977,0.0,India,IND,,,Windows-11-10.0.26200-SP0,3.14.3,3.3.0,12,12th Gen Intel(R) Core(TM) i5-1235U,0,,15.69796371459961,machine,11.016379310344828,0,88.87758620689655,13.952671873158422,N,1.0,0.0
2026-09-05T07:14:38,RAG_retrieval_q10,0968e2c0-9f7b-4471-84d8-0e309657bced,5b0fa12a-3dd7-45bb-9766-cc326314d9f1,0.09925759996986017,6.163658571263754e-07,6.209759830114132e-06,22.812729201234518,0.0,10.0,5.899377770000001e-07,0.0,2.7399611119310267e-07,8.639338881931028e-07,0.0,India,IND,,,Windows-11-10.0.26200-SP0,3.14.3,3.3.0,12,12th Gen Intel(R) Core(TM) i5-1235U,0,,15.69796371459961,machine,0,0,0,0,N,1.0,0.0
2026-09-05T07:16:34,RAG_generation_q10,83b459ca-1661-4059-8795-ce475c282710,5b0fa12a-3dd7-45bb-9766-cc326314d9f1,114.61964220000664,0.000798513891536751,6.966640937016507e-06,25.18694718143893,0.0,10.0,0.0008010956488890001,0.0,0.0003181474161111205,0.0011192430650001205,0.0,India,IND,,,Windows-11-10.0.26200-SP0,3.14.3,3.3.0,12,12th Gen Intel(R) Core(TM) i5-1235U,0,,15.69796371459961,machine,8.363157894736842,0,88.57543859649122,13.90301359745494,N,1.0,0.0
2026-09-05T07:16:36,RAG_retrieval_q11,046e5a99-6837-46a8-9989-7273deac33ab,5b0fa12a-3dd7-45bb-9766-cc326314d9f1,0.11062310001580045,6.55095993489462e-07,5.921873400726374e-06,23.1397287220214,0.0,10.0,6.12728056e-07,0.0,3.0549222218622975e-07,9.182202781862298e-07,0.0,India,IND,,,Windows-11-10.0.26200-SP0,3.14.3,3.3.0,12,12th Gen Intel(R) Core(TM) i5-1235U,0,,15.69796371459961,machine,0,0,0,0,N,1.0,0.0
2026-09-05T07:18:23,RAG_generation_q11,257a2c8b-70b8-42ed-8460-911c96c1d74b,5b0fa12a-3dd7-45bb-9766-cc326314d9f1,105.46045830001822,0.0007344539789633024,6.964259313892774e-06,25.175954739048844,0.0,10.0,0.0007366678386119999,0.0,0.0002927851630563965,0.0010294530016683964,0.0,India,IND,,,Windows-11-10.0.26200-SP0,3.14.3,3.3.0,12,12th Gen Intel(R) Core(TM) i5-1235U,0,,15.69796371459961,machine,18.493333333333332,0,89.35714285714286,14.026280866350447,N,1.0,0.0
2026-09-05T07:18:25,RAG_retrieval_q12,dfa2e1d4-7266-4782-8c2b-3d32b11ed00c,5b0fa12a-3dd7-45bb-9766-cc326314d9f1,0.12417220004135743,7.708916293469855e-07,6.208246524505713e-06,10.765977532882813,0.0,10.0,7.375238890000001e-07,0.0,3.430022222649617e-07,1.0805261112649617e-06,0.0,India,IND,,,Windows-11-10.0.26200-SP0,3.14.3,3.3.0,12,12th Gen Intel(R) Core(TM) i5-1235U,0,,15.69796371459961,machine,0,0,0,0,N,1.0,0.0
2026-09-05T07:20:15,RAG_generation_q12,6ccd5e9b-7a37-4060-8f40-1567b31d2dae,5b0fa12a-3dd7-45bb-9766-cc326314d9f1,108.52105129999109,0.0007572130407611408,6.977568238515609e-06,25.13880679152074,0.0,10.0,0.0007601410622219999,0.0,0.00030121235139053557,0.0010613534136125354,0.0,India,IND,,,Windows-11-10.0.26200-SP0,3.14.3,3.3.0,12,12th Gen Intel(R) Core(TM) i5-1235U,0,,15.69796371459961,machine,14.789814814814815,0,90.25,14.166700469122993,N,1.0,0.0
2026-09-05T07:20:17,RAG_retrieval_q13,7233a16a-9819-4a9d-a5c9-a622977d6881,5b0fa12a-3dd7-45bb-9766-cc326314d9f1,0.15231380000477657,1.0265155578202572e-06,6.739478351850362e-06,12.098137067346844,0.0,10.0,1.0176663890000002e-06,0.0,4.211569444224652e-07,1.4388233334224654e-06,0.0,India,IND,,,Windows-11-10.0.26200-SP0,3.14.3,3.3.0,12,12th Gen Intel(R) Core(TM) i5-1235U,0,,15.69796371459961,machine,0,0,0,0,N,1.0,0.0
2026-09-05T07:21:29,RAG_generation_q13,4adc6278-960f-4771-a6c4-d529075633b4,5b0fa12a-3dd7-45bb-9766-cc326314d9f1,70.65866610000376,0.0004928511013009731,6.975097726914872e-06,25.008751958560044,0.0,10.0,0.0004946412733329999,0.0,0.0001961672186109353,0.0006908084919439352,0.0,India,IND,,,Windows-11-10.0.26200-SP0,3.14.3,3.3.0,12,12th Gen Intel(R) Core(TM) i5-1235U,0,,15.69796371459961,machine,14.55857142857143,0,91.22142857142858,14.318720136369977,N,1.0,0.0
2026-09-05T07:21:30,RAG_retrieval_q14,c6018f25-d27d-4e14-97aa-82fa71f4c8b7,5b0fa12a-3dd7-45bb-9766-cc326314d9f1,0.13228499999968335,7.955283323419029e-07,6.013745567099876e-06,23.932698432604294,0.0,10.0,7.4969e-07,0.0,3.6536833326358144e-07,1.1150583332635815e-06,0.0,India,IND,,,Windows-11-10.0.26200-SP0,3.14.3,3.3.0,12,12th Gen Intel(R) Core(TM) i5-1235U,0,,15.69796371459961,machine,0,0,0,0,N,1.0,0.0
2026-09-05T07:22:32,RAG_generation_q14,35357f70-3fac-43bd-81b5-e2b3cdef24d0,5b0fa12a-3dd7-45bb-9766-cc326314d9f1,59.97287729999516,0.00042000442162644174,7.0032394731622395e-06,25.04547870706198,0.0,10.0,0.00042220423083400016,0.0,0.00016649815888910473,0.0005887023897231049,0.0,India,IND,,,Windows-11-10.0.26200-SP0,3.14.3,3.3.0,12,12th Gen Intel(R) Core(TM) i5-1235U,0,,15.69796371459961,machine,21.771186440677965,0,92.3,14.488539162328689,N,1.0,0.0
2026-09-05T07:22:33,RAG_retrieval_q15,7a12c833-1202-4323-84f1-ad2c93d0cb64,5b0fa12a-3dd7-45bb-9766-cc326314d9f1,0.08936139999423176,5.463132843910303e-07,6.113526471455176e-06,22.90488335134883,0.0,10.0,5.19465834e-07,0.0,2.4627833319957266e-07,7.657441671995727e-07,0.0,India,IND,,,Windows-11-10.0.26200-SP0,3.14.3,3.3.0,12,12th Gen Intel(R) Core(TM) i5-1235U,0,,15.69796371459961,machine,0,0,0,0,N,1.0,0.0
2026-09-05T07:23:36,RAG_generation_q15,1d700461-e47d-40b6-b14a-be73dd6a28a0,5b0fa12a-3dd7-45bb-9766-cc326314d9f1,61.9597439999925,0.0004322153935951517,6.975745309651441e-06,25.27904727857625,0.0,10.0,0.0004338186647230001,0.0,0.00017199932666683,0.00060581799138983,0.0,India,IND,,,Windows-11-10.0.26200-SP0,3.14.3,3.3.0,12,12th Gen Intel(R) Core(TM) i5-1235U,0,,15.69796371459961,machine,13.819672131147541,0,92.88852459016393,14.580470976282339,N,1.0,0.0
2026-09-05T07:23:38,RAG_retrieval_q16,3ed589ca-6578-4730-ae9c-960e189168bd,5b0fa12a-3dd7-45bb-9766-cc326314d9f1,0.17415360000450164,1.195203925800834e-06,6.8629297687210575e-06,12.386616268387389,0.0,10.0,1.193244722e-06,0.0,4.820219444809481e-07,1.6752666664809481e-06,0.0,India,IND,,,Windows-11-10.0.26200-SP0,3.14.3,3.3.0,12,12th Gen Intel(R) Core(TM) i5-1235U,0,,15.69796371459961,machine,0,0,0,0,N,1.0,0.0
2026-09-05T07:24:30,RAG_generation_q16,a4ff7ec3-f0d3-4308-b8a4-8c5365985acc,5b0fa12a-3dd7-45bb-9766-cc326314d9f1,50.25073189998511,0.00034787883083880973,6.922860975063983e-06,25.237383088946288,0.0,10.0,0.00034812266222200014,0.0,0.000139484344999073,0.0004876070072210732,0.0,India,IND,,,Windows-11-10.0.26200-SP0,3.14.3,3.3.0,12,12th Gen Intel(R) Core(TM) i5-1235U,0,,15.69796371459961,machine,19.474,0,93.664,14.702333145141601,N,1.0,0.0
2026-09-05T07:24:31,RAG_retrieval_q17,d824c12d-c074-485b-8c65-4602bd03dd2b,5b0fa12a-3dd7-45bb-9766-cc326314d9f1,0.022405600000638515,4.3856806470820496e-09,1.9574037950142225e-07,24.702114493809177,0.0,10.0,4.710556000000001e-09,0.0,1.4366666113750802e-09,6.147222611375081e-09,0.0,India,IND,,,Windows-11-10.0.26200-SP0,3.14.3,3.3.0,12,12th Gen Intel(R) Core(TM) i5-1235U,0,,15.69796371459961,machine,0,0,0,0,N,1.0,0.0
2026-09-05T07:25:44,RAG_generation_q17,6157d8ed-e85e-4e26-a8b4-882f850ef30a,5b0fa12a-3dd7-45bb-9766-cc326314d9f1,71.21364600001834,0.0004941019292492862,6.938304061122764e-06,24.95574125884953,0.0,10.0,0.0004948622288890001,0.0,0.0001976994955553285,0.0006925617244443286,0.0,India,IND,,,Windows-11-10.0.26200-SP0,3.14.3,3.3.0,12,12th Gen Intel(R) Core(TM) i5-1235U,0,,15.69796371459961,machine,24.615714285714283,0,94.25714285714285,14.796869768415178,N,1.0,0.0
2026-09-05T07:25:46,RAG_retrieval_q18,84c40973-2f62-4064-9c16-35bc26da481c,5b0fa12a-3dd7-45bb-9766-cc326314d9f1,0.1494558000122197,9.823468222533689e-07,6.572825023672891e-06,20.742992010362084,0.0,10.0,9.63664445e-07,0.0,4.1324944452046317e-07,1.3769138895204632e-06,0.0,India,IND,,,Windows-11-10.0.26200-SP0,3.14.3,3.3.0,12,12th Gen Intel(R) Core(TM) i5-1235U,0,,15.69796371459961,machine,0,0,0,0,N,1.0,0.0
2026-09-05T07:27:26,RAG_generation_q18,2f6f7523-9009-4aea-bba5-8d70b527fe96,5b0fa12a-3dd7-45bb-9766-cc326314d9f1,98.9585554000223,0.0006912434844417747,6.985181641420959e-06,25.260454236307968,0.0,10.0,0.0006941935386110004,0.0,0.000274693144999522,0.0009688866836105224,0.0,India,IND,,,Windows-11-10.0.26200-SP0,3.14.3,3.3.0,12,12th Gen Intel(R) Core(TM) i5-1235U,0,,15.69796371459961,machine,20.306122448979593,0,95.08061224489795,14.925464669052435,N,1.0,0.0
2026-09-05T07:27:28,RAG_retrieval_q19,342aa4a9-19e1-4546-9719-c78388c108b5,5b0fa12a-3dd7-45bb-9766-cc326314d9f1,0.058301999990362674,3.7357653418380685e-07,6.407610960954325e-06,24.402335642071648,0.0,10.0,3.6384805500000006e-07,0.0,1.5977833342428008e-07,5.236263884242801e-07,0.0,India,IND,,,Windows-11-10.0.26200-SP0,3.14.3,3.3.0,12,12th Gen Intel(R) Core(TM) i5-1235U,0,,15.69796371459961,machine,0,0,0,0,N,1.0,0.0
2026-09-05T07:29:08,RAG_generation_q19,afbe6253-e600-45d1-a4ad-c0bdfd8feca7,5b0fa12a-3dd7-45bb-9766-cc326314d9f1,99.37431779998587,0.0006914691618827158,6.9582280129405235e-06,25.19694438629457,0.0,10.0,0.0006933939472220001,0.0,0.00027580905888882834,0.0009692030061108287,0.0,India,IND,,,Windows-11-10.0.26200-SP0,3.14.3,3.3.0,12,12th Gen Intel(R) Core(TM) i5-1235U,0,,15.69796371459961,machine,28.564285714285717,0,96.62653061224489,15.168593348289022,N,1.0,0.0
2026-09-05T07:29:10,RAG_retrieval_q20,a78411b8-94a4-434d-83f4-153193614720,5b0fa12a-3dd7-45bb-9766-cc326314d9f1,0.051314800046384335,4.630232090292356e-09,9.0231903585457e-08,6.993185147442839,0.0,10.0,3.0500000000000004e-09,0.0,3.440000000409782e-09,6.4900000004097825e-09,0.0,India,IND,,,Windows-11-10.0.26200-SP0,3.14.3,3.3.0,12,12th Gen Intel(R) Core(TM) i5-1235U,0,,15.69796371459961,machine,0,0,0,0,N,1.0,0.0
2026-09-05T07:30:15,RAG_generation_q20,3b508c0d-1395-489d-844b-fbbc50c17f4f,5b0fa12a-3dd7-45bb-9766-cc326314d9f1,64.01610680000158,0.0004486479790763645,7.00836088764388e-06,25.004242214811374,0.0,10.0,0.0004511683016670002,0.0,0.0001776825480547914,0.0006288508497217913,0.0,India,IND,,,Windows-11-10.0.26200-SP0,3.14.3,3.3.0,12,12th Gen Intel(R) Core(TM) i5-1235U,0,,15.69796371459961,machine,26.257142857142856,0,91.28095238095237,14.328596508692181,N,1.0,0.0
2026-09-05T07:30:17,RAG_retrieval_q21,61006a0a-57cb-4e08-a6ad-de795e10cced,5b0fa12a-3dd7-45bb-9766-cc326314d9f1,0.09000940003897995,3.280837711272163e-07,3.6449945337390826e-06,11.036091346141447,0.0,10.0,2.1243250000000002e-07,0.0,2.4742861132835966e-07,4.5986111132835973e-07,0.0,India,IND,,,Windows-11-10.0.26200-SP0,3.14.3,3.3.0,12,12th Gen Intel(R) Core(TM) i5-1235U,0,,15.69796371459961,machine,0,0,0,0,N,1.0,0.0
